哦！我被选中了！,开心
你知道吗？国防老师今年已经四五十岁！,惊讶
我好像被我喜欢的人讨厌了。,平静
他们是不是吵架了？不会打起来吧？,平静
干！他真的有够恶心，卫生习惯有够差。,厌恶
为什么我的便当里全是青椒啊！真的是很讨厌吃青椒的！,厌恶
这个星期要去图书馆吗？,平静
我刚刚在公园看到一只会说话的鸽子！,惊讶
你想不想去吃午饭？,平静
我的小组成员一个都没干活！真后悔跟他一起组队。,生气
你知道吗？我们班有人交了女朋友！,惊讶
我感觉我好像要被当了...,伤心
我昨天梦到有一只超大蜘蛛在追着我跑！,平静
今年的夏天似乎比较晚来。,平静
有人竟然在交换礼物时送小番茄？,惊讶
我刚刚看到有人眉毛像蜡笔小新！,惊讶
又到今年的圣诞节了！,开心
今天我和我朋友吵架了。,伤心
我刚刚在路上看到一个长得像明星的人！,惊讶
我几天身体好像有点不太舒服，肚子好痛。,伤心
今天去的那家餐厅真的很脏。,厌恶
有人说我胖！该死！,生气
你知道吗？他们竟然分手了！,惊讶
有人背后说我的坏话！,生气
我最喜欢的咖啡厅要关了。,伤心
他们两个竟然牵手了！,惊讶
这次圣诞节礼物抽到了盗版东西，烦死人了。,厌恶
这部电影的特效真的很差。,厌恶
有人正在网络上盗用我的照片！,生气
哎，我不小心吃到了肉！,平静
我感觉我快要挂了...,平静
我明天要去见未来的公公婆婆，好紧张...,平静
我最喜欢的作家去世了...,伤心
我这个星期就要出国旅行了！,开心
我刚刚坐在了我好朋友旁边！,开心
我妈妈终于让我养狗了！,开心
我刚发现我家后院有一棵会结果的苹果树哎！,惊讶
听说我们科里有老师要退休了。,惊讶
这次表演我犯了一个超级大的错误，我失败了。,伤心
我的同学一直嘲笑我的饮食习惯。,生气
你认为人工智能会影响我们的工作吗？,平静
我终于存到钱买了一台新相机！,开心
今天的天气真的很闷。,厌恶
我终于弄懂了基本电学！,开心
今天你要不要去骑自行车？,平静
我们今天班际篮球赛赢了！！！,开心
我终于写出了这个程序！,开心
你觉得我今天有什么不同？,平静
最近好像有台风要来了！,惊讶
你认为今年的流行趋势会是什么？,平静
有人对公交车上的老人不礼貌！,生气
我刚刚收到了大学录取通知书！,开心
你认为未来的交通工具会是什么样子？,平静
我刚刚在抽屉里发现了一张旧彩票，竟然中了大奖！,惊讶
今天老师骂了我。,伤心
为什么他们能背后这样批评人，真是不礼貌。,生气
明天就要比赛了，真的很紧张。,平静
黑豹的演员去世了...,伤心
你认为我今年有可能中彩票吗？,平静
这个老师的规定也太奇怪了吧。,厌恶
这家店的衣服质量真的很差，穿没几次就坏了。,厌恶
有人正在网上散布我的个人信息！,生气
昨天骑自行车的时候，我差一点就被车撞了。,平静
我养了三年的鱼今天死了...,伤心
我明天要坐云霄飞车，但我很怕高...,平静
这个网红的行为真的很令人厌恶。,厌恶
你认为学习一门新语言重要吗？,平静
我的最好朋友要移民了，以后可能很难见面了。,伤心
我的论文被东方新闻接受了！,开心
我刚刚中了彩票，虽然只有1000块钱！,开心
我养了十年的盆栽今天枯萎了。,伤心
这个周末要做专项报告，我很担心报告做不好。,平静
我昨天和陈安羽吵架了，现在很难过。,伤心
你知道吗？他竟然考上了台科大！,惊讶
今天的午餐味道很奇怪，有点想吐。,厌恶
你认为我应该怎么做才好？,平静
有人公共场所乱扔垃圾！,生气
有人偷了我辛苦种植的花！,生气
我今天终于拿到了我的毕业证书！,开心
这份报告真的是太差了。,厌恶
我刚刚收到了一封很好的消息！,开心
我好像听到房子里有奇怪的声音...,平静
我今天计划去超市。,平静
这件外套穿起来很不舒服，我真的受不了。,厌恶
我最喜欢的餐厅因为疫情关门了...,伤心
你认为未来人类会移民火星吗？,平静
你认为人工智能会取代艺术家吗？,平静
我对明天的面试真的很紧张，很怕没能通过。,平静
我觉得现在这种情况真的很危险。,平静
我刚刚在后院发现了一个古老的时间胶囊！,惊讶
这家餐厅的卫生条件真的很差。,厌恶
我刚刚在街上遇到了我的偶像！,惊讶
那个人竟然在我说话的时候打断我，有够白痴！,生气
下班后要不要一起去吃饭？,平静
今天需要进行一些整理工作。,平静
我真的觉得一切都不顺利。,伤心
你竟然一次就解出了这么难的题！,惊讶
这部电影的剧情真的不知道在演什么。,厌恶
我今天买到了我很想看的书。,开心
我很担心即将到来的考试会很糟糕。,平静
我竟然忘了今天是我们的周年纪念日！,惊讶
我刚刚完成了一个大项目，感觉一身轻。,开心
我已经告诉他很多次了，他还是不断地做错。,生气
你认为这个主意怎么样？,平静
有人冒充我在网上诈骗！,生气
这个政客的言论真的是非常令人反感。,厌恶
我听说附近可能有食人鱼出没...,平静
为什么那么多人只会拖延，让我什么都做不了！,生气
我的猫今天走失了，我很担心它。,伤心
我真的很想放假，我不想再回到那个环境了。,伤心
今天我又没有考好，真的很失望。,伤心
我刚刚在旧衣服口袋里找到一张中奖彩票！,惊讶
我终于完成了我的第一本小说！,开心
最近工作压力很大，我担心自己做不好。,平静
我竟然在海洋广场遇到了我中学同学！,惊讶
为什么每次都是我最后一个被通知？,生气
今天有人插队，真是太不愉快了！,生气
最近的工作进展很糟糕，我感觉自己越来越缺乏信心。,伤心
我对这种从未见过的状况感到非常不安。,平静
我最近感觉天在对我不公平。,伤心
我的宠物狗刚刚学会了一个新把戏！,开心
我终于完成了这个项目，太开心了！,开心
我刚刚发现我家附近有一个秘密的地下隧道！,惊讶
今天我们一起去看电影吗？,平静
哇，他竟然在一天内就完成了这么多事情！,惊讶
为什么每次都是我被骂？,生气
这家咖啡馆的咖啡真的很难喝。,厌恶
你想听一个好消息！,开心
我周末可以做什么？,平静
这个周末要不要一起去公园散步？,平静
那家餐厅的食物真的很难吃，让我整天心情都不好。,厌恶
我竟然在路上看到一只熊！,惊讶
今天的天气怎么样？,平静
干！沈浩霖总是打断我说话。,生气
我觉得我最近的努力都没有得到回报。,伤心
我今天升为主管，太高兴了！,开心
我已经预订了我们下周要住的酒店啦！非常期待！,开心
我的狗生病了，我很担心它。,伤心
我刚刚发现我的老同学现在变成了明星！,惊讶
我刚刚完成了一个很重要的项目。,开心
我刚刚吃到一个噁心的汉堡，吃下去真的让我差点吐出来。,厌恶
我计划下周去旅行。,平静
我非常不高兴王郁洁，他总是把工作推给我！,生气
昨天半夜的时候我听到奇怪的声音，我有点害怕。,平静
今晚吃什么好呢？,平静
我刚刚看到一只猫从树上跳下来，还没事呢！,惊讶
我最近压力很大，感觉很累。,伤心
我今天去了一家餐厅，天啊！服务态度超差！,厌恶
我最近感觉自己做什么都很不顺，有点没自信。,伤心
最近工作一直不顺利，觉得好累。,伤心
我最近学会了一件新事物，有点爽。,开心
为什么我的意见总是被忽略？,生气
我最近真的觉得生活失去了方向。,伤心
最近听说公司要裁员，我很担心自己会被影响。,平静
我真的是受不了了，每次都是我加班，其他人都不做事！,生气
终于完成了这个项目，真是太高兴了！,开心
我终于写完了我的论文，真舒服！,开心
今天开会的时候，有人一直打断我的话，真的很不高兴。,厌恶
我刚收到通知，我被清大录取了！,开心
我明天要去做健康检查，有点紧张。,平静
我终于买到了那款限量版的鞋子！等了好久！,开心
那家餐厅的菜真的不好吃，太油了。,厌恶
我觉得最近大家都冷淡，没人理我。,伤心
最近疫情似乎又变得严重了，我有点担心。,平静
我真的无法忍受高芸茜，他真的很喜欢抱怨，一件小事就能说一整天。,厌恶
我听说最近有一个地方很危险，我有点担心。,平静
我真的不忍受这种无聊的会议。,厌恶
我有点担心明天的考试，感觉准备得不够好。,平静
你知道吗？我们以前的老师现在变成了作家！,惊讶
最近与家人的关系有点紧张，让我心情很差。,伤心
我真的是受够了他怎么敢提出这样的要求！难道他没有动脑子吗？,生气
最近发生的事情让我感到非常压力，总是缺乏做事的动力。,伤心
最近我一直感觉心情很低落，对任何事情都缺乏热情。,伤心
我刚换了新手机，超级喜欢！,开心
我真的很讨厌那些总是吹嘘自己多强的人。,厌恶
今天去的那家咖啡店，环境真的很糟糕。,厌恶
你知道吗？我刚刚遇到了一个我以为再也见不到的人哦！,惊讶
最近压力很大，快要死了。,伤心
我刚刚在比赛中获得了第一名！,开心
干！我的手机又坏了，唉！,生气
干！我的网络又断了，这是今天第三次了！,生气
那个男人每次都说一些非常恶心的话，我真的很厌恶他。,厌恶
我刚刚完成了我的第一个程序报告！,开心
晚上有空吗？要不要去看场电影。,平静
今天我遇到的那个人真是品味很差。,厌恶
我向主管反映问题，结果他完全不理我！,生气
今天的天气真好，很适合打球。,开心
你知道吗？李维哲竟然要去环游世界了！,惊讶
我刚才梦到被人追杀，真是太可怕了！,平静
你知道吗？张景祥竟然辞职去创办了自己的公司！,惊讶
你明天有空吗？要不要一起去喝杯咖啡。,平静
天啊！我刚刚发现我中了彩票！,惊讶
老板竟然让我加班，明明说好下班就可以走的！,生气
这个周末我们可以去爬山，你觉得怎么样？,平静
我今天真的过得很糟，所有事情都不顺。,伤心
今天公司午餐的味道真的不好，非常难吃。,厌恶
我刚刚看到新闻说最近治安不好，我有点怕出门。,平静
我刚收到一个来自陌生人寄来的包裹！,惊讶
我真的很讨厌做这种繁琐的工作。,厌恶
我发现陈彦桦竟然会说西班牙语！,惊讶
为什么每次都必须在最后一刻才改变计划？,生气
我刚接一个陌生电话，感觉是诈骗。,平静
我今天打算处理一些文件。,平静
你知道吗？我刚碰到了一个小时候的朋友，真没想到会在这里遇见他！,惊讶
我今天考试拿了满分！,开心
我真的不能忍受他那种自以为是的样子！,生气
我今天终于完成了我的健身目标，我现在超级壮的，哈哈！,开心
我最近情绪低落，感觉自己什么都做不好。,伤心
我今天完全没有想到她会送我礼物，超级开心的！,开心
我刚买了我一直想要的那台笔记本电脑，我存了很久的钱终于存到了，太舒服了！,开心
最近压力很大，感觉自己快支撑不住了。,伤心
今天的电影挺好的。,开心
我今天在街上看到一只很大的狗。,惊讶
今天我发现了一家非常棒的小吃店，食物很美味又实惠！,开心
我感觉最近与朋友的关系变得有点冷淡。,伤心
下周有没有时间一起去看展览？,平静
那个人真的是非常不礼貌，我无法想象他的父母是如何教育他的。,厌恶
我刚学会了一个新技能，现在超有成就感！,开心
我最近和陈思愷的关系变得很紧张。,伤心
他的讲话真的有点低俗，感觉一直在嘲讽人。,厌恶
我实现了一个长期的目标，我非常满意。,开心
我很害怕未来要做什么。,平静
我刚刚在全家（便利商店）遇到了以前的老师！,惊讶
我竟然在旅行中遇到了以前的同事！,惊讶
我终于学会了游泳！不会再被笑了！,开心
今天吃的那些点心，真的很难吃。,厌恶
最近好像都是一个人。,伤心
今晚有什么要做吗？,平静
今天的工作还算顺利。,平静
我刚买了一部新的iPhone 16，感觉真棒！,开心
这次演讲我非常紧张。,平静
我最近想换个工作。,平静
我竟然在IG上看到了我以前的同学。,惊讶
我真的不喜欢看无聊的节目。,厌恶
为什么我总是要为别人的错误负责？,生气
你认为处理这个问题最好是怎么做？,平静
这件衣服的材质摸起来不怎么好，完全不想穿。,厌恶
我没想到我会得到这个奖项！,惊讶
我觉得我没有得到应有的回报。,伤心
我最近学习一门新技能。,平静
我最近正在整理我的日程表。,平静
我最近总是感觉很孤单。,伤心
最近的日子过得真是难熬，感觉什么都不顺。,伤心
我刚刚收到一个赞，真的很开心。,开心
我担心我无法完成这个重要的项目。,平静
我很担心这次考试会出现失常。,平静
我的朋友要搬到国外了，有点难过。,伤心
我刚去的那家店服务态度很差，真的不想再去。,厌恶
今天我要去看牙医，从小到现在，牙医都是我的噩梦，好紧张啊！,平静
我订的快递竟然被弄丢了，这不是太夸张了吗！,生气
我非常想念我的家人，已经很久没有见到他们了。,伤心
我终于升职了，真的很开心！,开心
这里的食物真的很难吃。,厌恶
我觉得最近和朋友的关系越来越疏远，心里很难过。,伤心
我对这个决定很不满意。,生气
我想了解更多关于海洋生态的信息。,平静
我竟然在Instagram上看到了一个非常奇怪的帖子。,惊讶
我今天学到了很多新知识。,平静
我的妈妈竟然为我准备了一个惊喜派对！,惊讶
我强烈反对这项新政策。,厌恶
我昨天在图书馆遇到了一位著名的作家。,惊讶
我今天遇到了一个很久没见的老朋友。,开心
我今天获得了一个奖！,开心
我竟然在游戏中获得了第一名。,惊讶
我对某些事情感到非常失望。,伤心
队友总是让我很生气。,生气
我今天打篮球玩得很开心。,开心
我很担心未来没有工作。,平静
为什么每次都必须等到最后一刻才解决问题？,生气
这次的服务态度超差。,生气
我的Instagram账号被盗了。,伤心
我觉得最近的努力都没有得到想要的结果。,伤心
今天我收到了我梦寐以求的礼物！,开心
我很担心在面试中表现不好。,平静
我昨天在街上遇到了我的偶像。,惊讶
最近一直感觉自己的心情处于低谷。,伤心
我发现了一个我从未去过的地方。,惊讶
我最近有点担心我的健康状况。,平静
我最近对我的工作环境非常不满意。,生气
我在图书馆找到了一本非常少见的书。,惊讶
我最近遇到了以前的老朋友。,惊讶
我收到了朋友送的生日礼物，超开心的！,开心
我今天做了件很有意义的事情。,开心
我在学校发现了一个非常有趣的社团。,惊讶
我的最近表现一直没有达到预期。,伤心
我在IG上的帖子得到了很多点赞！,开心
我觉得最近做什么都感觉无助。,伤心
我今天制定了一个关于工作的计划。,平静
我真的受够了这些无聊的会议。,厌恶
我最近学会了一项新技能。,开心
我觉得自己总是被别人忽略。,生气
我最近感觉自己被朋友孤立了。,伤心
我终于完成了我一直想做的项目！,开心
我正在考虑换工作。,平静
我买了新的书。,平静
为什么我总是被忽视？,生气
为什么每次都会有这么多的麻烦？,生气
我最近正在学习如何编写程序。,平静
我们昨晚玩了一个超级有趣的桌游！,开心
我对未来的计划感到很焦虑。,平静
我最近参加了一个有趣的营队。,开心
最近我在玩一个新游戏。,平静
我最近感到很孤单。,伤心
那个裁判真的很不公平，完全偏袒对方。,生气
我的朋友竟然打破了学校团队的纪录！,惊讶
我们今天有一场篮球比赛。,平静
我最近很难找到可以休息的时间。,伤心
我在新的环境中总是感到很不安。,平静
我昨天看了一条新闻，让我改变了我的生活。,惊讶
我很担心会错过截止日期。,平静
我昨天输了比赛。,伤心
我今天尝试了一个新的食谱，结果超好吃！,开心
我和朋友之间的关系变得有点紧张。,伤心
我刚刚在Instagram上发布了一条帖子。,平静
我正在整理我的书桌。,平静
我觉得自己在工作上没有得到应有的认可。,伤心
总是有人在会议上打断我的发言。,生气
我今天去了超市。,平静
我今天有点累。,平静
我在考虑是否要学习新技能。,平静
这家卖的肉看起来不太新鲜，我不敢买。,厌恶
这个店的价格竟然比上次贵了很多，涨那么多真是太夸张了！,生气
唉，洛杉矶湖人队又输了，今年季后赛估计没希望了。,伤心
最近练习吉他很累，感觉自己怎么练都没进步。,伤心
今天排练的时候，他竟然又没来，每次都这样！,生气
帐篷的支架竟然坏了！真是让我气得要命。,生气
下周的成果展示，我很紧张，担心弹错。,平静
我担心我们的关键球员受伤，这将影响我们进入季后赛的机会。,平静
我的电脑突然崩溃了，他没有给我备份，我编写的程序全都没了，我快要哭了！,生气
我尝试了各种方法都无法解决这个bug，感觉自己很无能为力。,伤心
我刚学会了弹小星星，练习了很久终于学会了！,开心
哎，蚊子真是太多了，真的很烦。,厌恶
我的手机昨天摔坏了，维修费用很贵，我现在心情很糟糕。,伤心
最近压力很大，感觉很累。,伤心
你知道吗？刘永乐竟然在一周内减掉了10公斤！,惊讶
老师说下周要交项目，我还什么都没做，头好痛！,平静
我看到了一条非常惊人的帖子，很多人分享了它。,惊讶
你知道吗？勒布朗昨晚又打破了一个纪录，太不可思议了！,惊讶
我刚升职了！终于等到了这一天！,开心
今天社团的音响设备又出现问题，直接狂暴音。,厌恶
人太多了，我有点害怕出事。,平静
有人对我的帖子留言了一条攻击性的评论。,生气
我刚刚写的程序终于成功了，之前一直报错，太棒了！,开心
这里人太多，我有点担心会不会被扒手盯上。,平静
昨晚的比赛太精彩了！勇士队终于赢了，太棒了！,开心
唉，演唱会快结束了，真有点舍不得。,伤心
你知道吗？邻居居然中了乐透！,惊讶
这节课的软件操作真的很复杂，我完全不明白。,厌恶
哇！这里有一个卖古董的摊位，我从来没在夜市见过这种东西！,惊讶
我最近感觉自己很无用，什么事都做不好。,伤心
今天的午餐味道太恶心了，我一口也吃不下。,厌恶
这个音效听起来不太好，声音有点失真。,厌恶
我今天和朋友吵架了，感觉很糟糕。,伤心
这顿饭真的太油腻了，我吃不下了。,厌恶
我今天没有带够钱，很多想买的东西都买不成了。,伤心
我真的不喜欢那个球员的打法，他给我的感觉是总是想自己做。,厌恶
那天的星星很明亮，太美了！,惊讶
这咖啡味道很奇怪，我不想喝了。,厌恶
我们准备的食物似乎不够，感觉有点失策。,伤心
我今天买到了一双限量版的鞋子，太棒了！,开心
你知道吗？总裁竟然在一个比赛中获得了冠军！,惊讶
我非常担心这次考试，感觉自己准备得不够充分。,平静
我刚中了个超大的奖！真的不敢相信！,开心
今天的天气又闷又热，我真是受不了了。,厌恶
你知道吗？我竟然在书店遇到了我小学同学！,惊讶
这场演唱会太棒了！现场气氛超嗨！,开心
今天早上去上班时又堵车，又迟到了！,生气
那个司机竟然在红灯时加速，真是太危险了！,生气
这里的风景太美了！真是个露营的好地方。,开心
我的老板今天真是太过分了，毫无理由地指责我！,生气
你听说了吗？我们学校竟然被选为全市最佳学校！,惊讶
老师今天居然用Python写了一个FPS游戏，太酷了！,惊讶
我刚在市场找到一个超便宜的水果摊，这些水果好新鲜啊！,开心
法官的判决太不公平了，我觉得我们被欺负了！,生气
后面那个人在不断推我，真是不礼貌！,生气
天啊！杨凯安竟然在台上即兴演奏，这太出乎意料了！,惊讶
我有点担心明天的面试，不知道自己准备得够不够。,平静
我刚学会了做蛋糕，真是太有成就感了！,开心
我该吃什么晚餐呢？,平静
天色似乎要变黑了，我有点担心找不到回营地的路。,平静
我明天要参加一个很重要的面试，很紧张。,平静
周末有什么计划吗？,平静
我真的是受不了了，这家公司的服务态度太差了！,生气
刚刚在路上遇到一群流浪狗，吓死我了。,平静
这次检查报告结果还没出来，我好紧张...,平静
这个周末天气好吗？我想去爬山。,平静
那家餐厅的服务态度太差，让人没心情吃饭。,厌恶
我的朋友要搬到另一个城市了，真的很舍不得他。,伤心
你知道吗？我刚发现陈思愷居然是个作家！,惊讶
下周我可能需要出差，你有什么建议吗？,平静
我明天有个很重要的演讲，现在好紧张。,平静
今天我听到了一个坏消息，我的朋友父亲去世了...,伤心
我终于学会了弹钢琴的那首曲子！,开心
今天去看了一间房子，结果环境整个超乱的，完全不是预期的样子。,厌恶
你知道吗？那家超市竟然开始卖奢侈品了！,惊讶
我家养了十年的狗今天走了，我很难过。,伤心
我非常担心下周的考试，感觉准备的不够充分。,平静
你听说了吗？我们班的那个同学获得了奖学金！,惊讶
你今晚有空吗？我想和你聊聊。,平静
我刚学会骑摩托车了！感觉超自由的，不用再坐公交了！,开心
我今天收到了公司的录取通知书！太高兴了！,开心
我刚拿到驾照了！终于可以自己开车了！,开心
我晚上要独自去医院就诊，我有点害怕。,平静
我这些天总是感觉不舒服，是不是生病了。,平静
这件衣服的材质摸起来刺刺的，穿着也不舒服。,厌恶
我刚完成了一生中的第一次跳伞！那感觉真的难以忘怀！,开心
最近疫情又升温了，我真的有点害怕，不敢随便出门。,平静
他本来答应会帮忙的，结果什么也没做！,生气
这次合作完全失败了，大家都非常不负责任！,生气
最近有什么新出的好书推荐吗？,平静
我明天要去参加大学的面试，有点紧张，担心表现得不好。,平静
我昨天的面试表现不好，感觉没机会了。,伤心
今天那个客户又让我等了，真是让人恼火！,生气
你知道吗？我的朋友突然决定去国外工作了！,惊讶
今天公司拒绝了我...,伤心
我刚刚中午抽到了免费电影票呢，超爽的！,开心
最近有什么好看的剧吗？,平静
那个同事今天又在会议上插嘴，真是气死我了！,生气
今天我骑车被一辆车逼到，差点被撞到，那辆车真是太愚蠢了！,生气
你相信吗？我今天在西门町遇到了我国中的老师！,惊讶
周末有没有想去的地方？,平静
今天在银行排了快一个小时，结果窗口的人办事效率超慢，浪费我的时间！,生气
你知道吗？我们邻居的猫竟然学会了自己开门，真是太聪明了！,惊讶
这种天气实在太潮湿了，让人很不舒服。,厌恶
我刚赢了一场比赛，实在是太开心了！,开心
今天我的手机被偷了，真的很不开心！,生气
下周有一个演讲，你打算参加吗？,平静
你认为这部电影值得看吗？,平静
我昨天发现我种了半年多的樱花枯萎了，真的很心疼。,伤心
你知道吗？我刚刚看到我们教授在打篮球！,惊讶
最近新闻说疫情又开始变严重了，我有点害怕。,平静
我今天和朋友吵架了，有点难过，我不知道该怎么办。,伤心
我今天终于完成了那个难搞的项目，太开心了！,开心
今天的外卖真的是太糟糕了，味道很差。,厌恶
我最近心情不太好，感觉什么事都不顺利。,伤心
这杯咖啡喝起来太苦了，完全无法喝下。,厌恶
今天的天气又热又粘，真是让人受不了。,厌恶
我刚刚送走我的最好朋友，他要去国外读书，好空虚。,伤心
我今天中了小奖，虽然不是很多，但还是很开心！,开心
今天的面真的是煮得太软了，完全无法吃。,厌恶
你周末有空吗？想不想一起去看展览？,平静
今天我去了一家新开的餐厅，结果环境超脏，让我完全没有食欲。,厌恶
你不会相信，我刚刚在街上遇到了小学同学！,惊讶
你对政府新政策有何看法？,平静
今天有人公共汽车上大声打电话，真是让人恼火！,生气
那个人在今天又没有提交工作报告！,生气
最近社区里好像有人遇到暴露狂，我有点担心。,平静
你知道吗？我的学长竟然自己创业开了一家公司！,惊讶
我养了五年的金鱼今天死了，我很伤心。,伤心
周日要做什么？要不要一起去看电影？,平静
你这个周末有没有计划？要不要一起去台中玩？,平静
今天我去的那家餐厅，服务态度非常差，整个用餐过程非常不愉快！,厌恶
你知道吗？我的朋友刚买了一台特斯拉，他这么年轻就这么有钱！,惊讶
最近几天一直有诈骗电话打来，我有点担心个人信息泄露了。,平静
我刚获得了奖学金，完全没有想到能获得这么多！,开心
昨晚我听到家外有奇怪的声音，真的很吓人，不知道发生了什么事。,平静
今天网购的东西到货了，结果完全和图片不一样，被骗了，太气人了！,生气
我刚刚收到了林慈亭寄来的生日礼物，超级惊喜！,开心
今天去便利店买东西，结果结账时店员的态度超差的！,生气
我刚刚收到面试通知了！终于有机会去应聘我梦想中的公司！,开心
我的朋友竟然中了一百万！这也太夸张了吧！,惊讶
今天去了一家餐厅，结果桌子油腻腻的，环境真的很糟糕。,厌恶
今天去餐厅吃饭，结果服务态度超差，整个氛围都被搞坏了。,生气
最近晚上总觉得家里附近很安静，我一个人待着有点怕。,平静
你相信吗？我今天在地铁上遇到了高中老师，真是太巧了！,惊讶
我刚刚去参加了一个朋友的婚礼，整个气氛超棒的，大家都好开心！,开心
我的宠物生病了，很难过，不知道它会不会好起来。,伤心
今天坐出租车时，车内的味道很奇怪，让我差点吐了。,厌恶
你知道吗？我的同事竟然是个业余画家，他画的作品超级专业！,惊讶
本周五有个聚餐活动，你要不要一起去？,平静
今天我买了一杯手摇饮，但太甜了，我快要吐了。,厌恶
我刚刚和同学去吃了一家新开的餐厅，结果超级好吃！,开心
最近经常有诈骗电话，我有点担心自己的个人信息被泄露了。,平静
这个周末天气不错，要不要一起去淡水走走？,平静
我今天去海边，冲浪真的很有趣！,开心
今天外卖又迟到了，还送错了餐点，真是太夸张了！,生气
最近社区好像发生了几起盗窃案，我开始有点担心家里的安全。,平静
今天去公园野餐，结果草地上到处都是垃圾，有够脏的。,厌恶
你知道吗？我今天在路上看到了一辆超酷的改装车，简直像电影里的一样！,惊讶
最近有没有好看的电影？我想找时间去电影院。,平静
我的手机突然坏了，而且里面的数据都没有备份，我快要崩溃了。,伤心
我今天参加了马拉松，顺利跑完了全程！真的很有成就感！,开心
你认为这次是否应该参加学校的志愿者活动？听说挺有趣的。,平静
我今天终于有了驾照！可以自己开车了，太棒了！,开心
你知道吗？我的朋友刚中了五千万的乐透！这也太夸张了吧！,惊讶
我今天买到了限量版的球鞋！排队排了一整天，但超值得！,开心
今天我和张家铭一起去看了一场演唱会，气氛太热闹了！,开心
最近我晚上回家时总觉得有人跟着我，感觉有点害怕。,平静
我非常喜欢的一个偶像宣布要退出演艺圈了，真的很难过。,伤心
你知道吗？我今天在餐厅遇到了一个电视上的知名主持人，太惊喜了！,惊讶
今天是我和朋友的最后一次见面，因为他要去国外定居。,伤心
今天路上有人乱扔垃圾，真是没品味！,厌恶
今天我的电脑又挂了，让我工作进度全都延迟，还让我被老板骂，气得我！,生气
今天去了一家新的火锅店，结果整个环境又油又脏，真是让人大失所望。,厌恶
昨晚我独自一人在家，突然断电，整个人都吓坏了。,平静
今天的便当菜色很油腻，吃完后整个人都不舒服。,厌恶
我刚才才知道，我爸年轻时候居然是五月天的鼓手，完全没想到！,惊讶
下周有个朋友的生日派对，你要一起去吗？,平静
今天被出租车司机绕路，结果车费比平时多了一倍，真是气死我了！,生气
今天午餐点的外卖非常难吃，菜都冷了，真的很不开心。,厌恶
今天公交车司机开得太快，差点撞到人，真是太危险了！,生气
我的手机不小心掉进水里了，现在完全坏掉了，我现在头很痛。,伤心
你知道吗？我昨天在百货公司遇到了周杰伦，太意外了！,惊讶
今天我收到消息，我的朋友要搬去国外，感觉心里很空虚。,伤心
我今天才知道，我喜欢的那家咖啡店要关门了，以后就无法再喝到我最喜欢的咖啡了。,伤心
今天我的心情很差，我家养的狗生病了，我很难过。,伤心
今天我排队排了半个小时，结果前面的人插队，店员竟然不管！,生气
我最近接了一个奇怪的电话，对方问了很多私人问题，我开始感到不安。,平静
周末有一个市集活动，你想不想去看看？,平静
今天我坐地铁时一直被推，结果手机掉到地上摔坏了，真是太气了！,生气
下周周末你有空吗？我们可以去爬象山，天气应该会不错。,平静
最近我晚上都睡不好，一直做噩梦。,平静
有没有推荐的歌？,平静
今天去的一家咖啡厅，结果桌子粘粘的，环境也超脏，让人吃不下东西。,厌恶
周末要不要去玩剧本杀啊,平静
最近我经常收到奇怪的诈骗短信，有点担心个人信息泄露了。,平静
你知道吗？今天在公司我发现我的老板居然会打鼓，完全没想到！,惊讶
我今天在抽奖活动中中了免费机票，感觉超级幸运！,开心
好饱哦,平静
今天去超市买东西，结果结账时发现标价和实际收费不一样，感觉被骗了！,生气
有风啊！好凉啊！,开心
完了！今天要报告呢，好害怕被批评。,平静
今天回家时发现养了多年的植物枯萎了，感觉心里很空。,伤心
最近我家附近似乎经常发生盗窃案，晚上一个人回家有点害怕。,平静
我刚和朋友吵了一架，感觉很难过，现在不知道该怎么办。,伤心
你看过那部《红衣小女孩》电影吗？它真的很可怕，让我整晚都睡不着。,平静
我很担心自己长不高，该怎么办？,平静
好无聊哦,平静
昨天看了那部恐怖电影《咒害》，让我睡不着觉。,平静
糟了！我找不到我的耳机。,惊讶
他的母亲怎么能有这么低下的嘴脸啊。,厌恶
你这个周末有空吗？我们可以去看看新上映的电影。,平静
今天陈思愷真是太过分了。,生气
今天那个老师超级讨厌的,厌恶
我好想我的女朋友。,伤心
晚餐要吃什么。,平静
今天我真的非常累。,厌恶
你想谈谈吗？,平静
你认为我应该去看书吗？,平静
我昨天只睡了半个小时，后来跌倒就醒了。,伤心
我的老板太冲动了。,厌恶
我只是不希望他失败。,伤心
中秋节要不要烤肉,开心
太吝啬了，什么钱都省着花。,伤心
你就喜欢嘲笑别人，大家都喜欢，但没有人知道被嘲笑的感觉。,伤心
昨天我看了那部恐怖电影，让我睡不着觉。,平静
我觉得今天午餐超难吃。,厌恶
我前老板就不小气。,惊讶
我没事啦,厌恶
你知道吗？我在街上遇到了一个小学同学，我们已经很久没有联系了！,惊讶
昨天那场地震真可怕。,平静
当你认为自己是个好家长，做对了，结果他却长大了！我不想失去他，你明白吗？,伤心
今天有人违规停车，让我堵车了半个小时，浪费我的时间！,生气
你知道吗，我们今天班费被偷了呢。,平静
我加入乐队不是为了聊心事，我只是想用鼓棒猛敲我的心事。,生气
最近压力有点大。,伤心
为什么人可以这样愚蠢。,生气
我今天基本电学考试表现很糟糕。,生气
你为什么这么讨厌啊,厌恶
你知道陈思愷约我去网咖，结果放鸟我。,生气
哇，你为什么脸色这么差？你昨天有睡觉吗？,惊讶
我想向陈允熙表白，你能帮我吗？,平静
哎哎哎，我跟你说哦。,平静
这个周末你想不想去台北看展览？我听说有一个很有趣的艺术展。,平静
今天午餐在一家服务很差的餐厅，他们还点错了我的菜，真的很让我生气。,厌恶
他的歌声很难听。,生气
我不想和你争这件事，好吗？,伤心
我无论做什么都会有人对我失望。,伤心
我不太擅长这些...,伤心
我今天听到一首好听的歌哦。,开心
今天真的非常热。,生气
我想不出来吃什么？,伤心
最近的学业压力让我感到很累。,厌恶
你今天看起来很累哦。,平静
你这一代的人都不愿敞开心扉吗？,惊讶
我不喜欢他对我说谎。,伤心
我的猫生病了，看起来很不舒服，不知道该怎么办。,伤心
我刚刚发现，我的量子宠物变成了光子，回不来了……,伤心
我可以帮你打印急件，然后你再给我钱。,平静
最近有没有好看的电影？,开心
还好吗？感觉不应该太好，希望明天心情不错。,伤心
这样我已经睡着了，被你的震动吵醒了。,生气
我最近想换发型了，你有推荐的吗？,开心
最近我感觉身体状况不佳，总是疲惫不堪，开始担心自己是否生病了。,平静
今天有点想打球，要一起吗？,开心
今天中午去吃饭，结果旁边桌的人边吃边大声讲电话，真的是很烦人。,厌恶
我昨天才知道，我喜欢的书店要结束营业了...,伤心
今天去了一家咖啡厅，结果桌子上全是污渍，真让人没法吃东西。,厌恶
你知道吗？我今天看到我们班张景翔，竟然在学校庆表演跳舞，太厉害了！,惊讶
我的人工智能助手竟然开始自我学习，甚至自己下单购买东西！,平静
今天在路上被别人按喇叭，明明没有做错任何事，真的很生气！,生气
我刚刚看到窗外有一个影子一闪而过...,平静
我告诉你一家非常美味的餐厅。,开心
你真的很谦虚啊！我就是那种学了后面就忘了前面的类型。,开心
如果有一天我们能与外星人交流，你想问他们什么？,惊讶
你知道吗？我竟然中了乐透的三等奖，这太不可思议了！,惊讶
我今天在工作上获得了一个大奖，太高兴了！,开心
今天吃的便当，饭硬得像石头一样，真的是完全吃不下。,厌恶
这个周末想去海边走走，你觉得哪个海滩比较好？,平静
你知道吗？我昨天梦到我变成了一只猫！,惊讶
为什么我定制的机器人总是回答与问题不相关？,生气
你认为如果有一天人类变成了半机械人，我们还算是人类吗？,惊讶
智能管家完全不执行我的指令！,生气
如果你能瞬间学会任何一项技能，你会选择什么？,惊讶
你知道吗？我今天竟然在地铁上遇到了一个电影明星！,惊讶
最近天气变好了，你有没有什么推荐的户外活动？,平静
我的朋友说他最近被陌生人跟踪，让我有点害怕，担心我也会遇到。,平静
这个周末有个朋友邀请我去露营，好期待哦？,平静
我刚刚收到一个朋友送的惊喜！真的很感动！,开心
今天我的网络突然断了线，让我一天的工作成果直接消失，真是太生气了！,生气
今天我用3D打印机打印了一台迷你飞行器，竟然真的飞起来了！,开心
我刚刚收到一封信，竟然是未来的我寄给现在的我！,惊讶
你相信吗？我的朋友刚刚突然告诉我他要搬去国外了，完全没想到！,惊讶
我刚刚在夜市买到了一些超可爱的饰品，价格还超便宜！,开心
你认为平行宇宙真的存在吗？,疑问
我刚刚发现一个秘密地下室，里面藏着一本一百年前的日记！,惊讶
今天在便利店购物，结果店员态度非常差，让我整天心情都很差。,厌恶
我昨天不小心把我最喜欢的杯子摔破了，心情很糟糕。,伤心
我刚刚在家里听到楼下有奇怪的声音，有点可怕。,平静
今天我看到小学同学分享他们的生活，感觉自己有点不如人，心情很低落。,伤心
你认为未来我们真的可以在月球上居住吗？,惊讶
今天去加油站排了很久，结果被别人插队，真是让我气得要命！,生气
我刚刚和一个智能镜子聊天，它竟然知道我的一切！,惊讶
这个周末想骑自行车，你有没有推荐的路线？,平静
我刚刚发现我养了多年的植物，竟然被邻居的猫弄死了……,伤心
你还记得我们那天去的古老图书馆吗？里面竟然有一本书在自动翻页！,平静
我的笔记本电脑突然坏了！所有重要的数据都丢了！,生气
我最近发现家里有点潮湿，开始有霉斑了。,平静
我今天去了一家非常有名的小吃店，真的非常好吃！,开心
你相信吗？我刚刚中了彩票！,开心
我刚刚遇到一个长得超像我的人。他说他是未来的我！是从 30 年后来的！,惊讶
如果有机会穿越时空，你会想去哪个时代？,惊讶
为什么我的同事总是偷偷吃我的零食！,生气
我刚刚和我的AI助手吵架了……,伤心
你听到了吗？楼下深夜传来奇怪的脚步声，但那里没有人住……,平静
今天早上我在路上看到一个人，长得和我一模一样！,疑问
你知道吗？我今天赢了一场即兴辩论比赛！,开心
我刚刚在公园看到有人放风筝放到天上不见了！,惊讶
今天我有预约，但到了诊所后还是让我等了一个小时，真是气死人！,生气
你相信吗？我刚刚收到一封来自陌生人的感谢信！,开心
我刚刚发现，自己竟然意外入选了一场国际摄影大赛！,惊讶
我刚刚不小心打破了祖母留下的古董杯子……,伤心
就是班上的陈佑宁和隔壁班的曾凯钧，好像开始交往了！,疑问
我刚刚发现一张看似普通的老照片，里面的人...看起来跟现在的我一模一样！,平静
我今天居然在二手市场买到了一张超稀有的黑胶唱片！,开心
今天无意间，我打开了一个旧箱子，里面全是我童年的玩具，唤起了许多回忆……,伤心
如果有机会让你搬迁到一个无人岛，你愿意吗？,惊讶
如果你有机会变成动物，你会选择变成哪种动物？,惊讶
昨晚我回家时，巷子口的那座庙好像传来了奇怪的声音……,平静
刚刚好像有个奇怪的人一直盯着我看，让我觉得好可怕。,平静
我刚刚在咖啡店遇到一个超有趣的人，他竟然说他曾是马戏团表演者！,开心
昨晚我在镜子里看到一个我不认识的人影！,平静
昨晚半夜，我的手机自动播放了一段语音，但我完全记不起来之前录过这段。,平静
我刚刚在垃圾桶里看到一张写着我名字的纸条...但那不是我写的。,平静
我刚刚在西门町竟然遇到了小时候的同学，他现在变成了一个街头艺人了！,惊讶
我刚刚投进了几个三分球，手感真好！,开心
不过对手有点粗鲁，几次都差点撞倒我。,生气
你相信吗？我今天在路边捡到一个装满金币的箱子！,惊讶
我计划了好几个月的旅行居然被取消了，气死我了！,生气
今天我竟然被邀请去参加一场神秘的地下音乐会！,开心
真的吗？听起来很不错，那鸡排会不会太油？,疑问
我真的很担心这次数学考试成绩不好，范围太广了，根本来不及读完。,平静
那条路看起来有点陡峭，我有点担心自己会摔倒。,平静
等一下，我们先去搭帐篷吗？现在天还亮着呢？,平静
你能相信吗？我竟然在一个网络论坛上遇到了小学时的朋友！,惊讶
你听说过吗？陈可希和朱洁莹居然在一起了！,平静
我觉得我在这次英语考试中表现不佳，作文部分时间不够，结尾部分写得很匆忙。,伤心
晚上会不会太冷？海风吹起来有点凉，我有点担心睡不着。,平静
今天无意间按下了一个按钮，结果打开了家里的隐藏房间！,惊讶
你相信吗？我刚刚在夜市摊位抽到了一辆摩托车！,惊讶
等一下课后我要不要去打球呢？,平静
我今天下午要去市区搭地铁办点事，可能晚点回来。,平静
今天老板又把别人的事情交给我，还说我效率太慢，真让我气死了！,生气
我排了一个小时的队，结果臭豆腐已经卖光了！,生气
太好了！我明天就去试试！,开心
刚刚地铁非常顺畅，没有遇到拥挤的人群，太舒服了！,开心
今天我去士林夜市吃了炸鸡排，超级美味的！,开心
刚刚经过的那条小溪旁边居然有一片野花，看起来超漂亮！,惊讶
看！刚刚那道夕阳太美了，完全不像现实中的景象！,惊讶
刚刚去早餐店买蛋饼，老板多送我一杯奶茶！,开心
你认为台南的牛肉汤真的比其他地方的好喝吗？,惊讶
不仅如此，我最近和家人也有点不和，真的很烦。,伤心
段考终于考完了！我们下午去唱KTV放松一下吧！,开心
最后一门课是自然，考完就可以解脱了，真的累坏了。,平静
刚刚有一辆摩托车飞快地经过，差点撞到我，真是危险！,生气
这次能一起来海边露营真是太棒了！感觉离城市好远，完全放松下来。,开心
我花了几天时间画的作品竟然被我的猫抓坏了！,生气
但说实话，我一直觉得曾凯钧有点自大，不知道陈佑宁为什么会喜欢他。,厌恶
不过，感情的事我们也不好说，毕竟每个人都有不同的喜好。,平静
今天去阳明山泡温泉，感觉整个人都被治愈了！,开心
这个周末你觉得我要去乡下骑车吗？听说那里有一条很美的自行车道。,平静
我最近经常加班...不知道老板到底想怎么样。,平静
哦，我刚刚听到一个非常有趣的消息！,开心
你有什么推荐的夜市小吃吗？,平静
你知道吗？刚刚数学老师竟然提前告诉我们有好几个人满分！,惊讶
我在想，地铁站旁边有什么好吃的吗？等一下处理完事情想吃点东西。,疑问
不过蚊子好像有点多，刚刚被叮了好几个包，真的很烦。,厌恶
谢谢你愿意听我说这么多，有你在真的让我感觉好一些。,开心
我的老朋友要搬到另一个城市了，我们可能很久不见了。,伤心
今天打球时，我竟然投进了三分球，太棒了！,开心
哦，我们的队友今天防守也非常强大，几乎没有让对手突破你！,惊讶
不过在地铁上还是有些人不戴口罩，真的很不负责任。,厌恶
我刚刚发现，隔壁的林成家竟然是一个隐姓埋名的小说作家！,惊讶
每逢春节，我都得回家陪伴家人，却没时间和朋友聚会。,伤心
哎...，可是我有点懒呢。,平静
好的！那你想吃什么吗？,开心
我最近工作压力超大，老板什么都让我做，快要撑不住了。,伤心
但说实话，我一直觉得陈柏瑞有点自大，不知道许芷莨为什么会喜欢他。,厌恶
哇！恭喜你！,开心
你问过他为什么吗？有时候可能只是误会或压力太大。,疑问
什么时候开始特训呢？,疑问
为什么，发生了什么事？,关心
唉，我理解你的感受。这种人不应该参与交换礼物。,厌恶
太好了！你要去哪里玩啊！,开心
嗯...最近我们好像沟通很少，总觉得他不像以前那么关心我了。,平静
希望他不要因为这件事感到太难过，如果学姐没有马上同意的话。,伤心
嗯，确实。下次别来了。,平静
唉，谢谢你愿意听我说这么多，发泄一下心情真的好多了。,开心
而且他好几次答应的事都没做到，说好要一起出去结果又临时放我鸽子，真的很气！,生气
就是班上的许芷莨和隔壁班的陈柏瑞，好像开始交往了！,疑问
最近曾承諺看起来很奇怪，好像一直在烦恼什么，你知道发生了什么事吗？,疑问
刚刚老师宣布我们要和其他学校一起参加全国赛。,惊讶
哎呀，这真是个悲伤的消息...,伤心
哇！太好了！小狗一定很可爱吧？我可以去看看吗？,开心
这太过分了！最近这种事也太常见了吧！,生气
不过我听说有几个人故意在后面起哄，感觉这样会给曾承谟很大压力。,生气
什么？！太过分了吧！,生气
我这个星期要去找女朋友！就不去了。,开心
真的吗？！也太酷了吧！,惊讶
不太确定，但现在确实很凉快。,疑问
别做梦了。,平静
真是太夸张了。这种质量根本在欺骗消费者。我们应该去投诉。,生气
是啊，大家都没想到他这么快就告白，今天早上大家都在讨论这件事！,惊讶
你好吗？我记得你非常讨厌蜘蛛。,关心
我也是啊！高一的时候都不会！,开心
怎么会这样！是哪位导演拍的！？,生气
真的吗？我完全不知道他怎么找到女朋友的！,惊讶
是吗？但我觉得还不错。,平静
太好了！你已经想好了要交换礼物买什么吗？,开心
太好了！这意味着你在进步！,开心
真的吗？我完全不知道他们有再一起过！,惊讶
我同意！真的很不舒服。,厌恶
这是一个令人难过的消息。他的作品给我们带来了如此多的灵感和快乐...,伤心
真的假的！里面有什么？,惊讶
没事的，他们很常这样，大可放心。,关心
嗯，真的！现在都不敢靠近他...,平静
他们这样太过分了！怎么可以随意嘲笑别人？,生气
真的假的？！这太神奇了！你有进去看吗？！,惊讶
又不要告诉我你把头发剪短了五厘米。,平静
别担心，你们那么强，一定会赢的。,关心
哇，这种人真让人生气！,生气
这太过分了！是谁说的？,生气
不要难过，每个人都有犯错的时候，只要改进就好了。,关心
你去看医生了吗？需要我陪你吗？,关心
是否应该和老师说一下？谢谢你的辛劳！,疑问
你还好吗？需要我帮忙吗？,关心
哇！运气也太好了吧！,开心
没关系，不要难过...下次会更好。,伤心
哇！恭喜你！,开心
放心，努力总会有回报的，你一定能做到！,关心
这太夸张了！应该立即报警，立即要求他删除。,生气
哇！太好了！恭喜！你们班也太强了吧！,开心
不要灰心，还有一次段考的机会可以努力。,关心
这样真的太过分了！,关心
哇！真希望我也看到了！你拍照了吗？,开心
天啊，这太不可思议了！收信的人应该很难过吧？,惊讶
你知道原因吗？需要我帮你询问吗？,关心
这是真的吗？！他才40岁啊？,惊讶
太麻烦了吧！但没办法，唉。,生气
你准备得很好，放松，结果一定不会太差。,关心
干！效率也太高了吧！,惊讶
别担心，你已经准备得很好了，一定会顺利的！,关心
真是太愚蠢了！,生气
不要气馁，这只是一次考试而已。,关心
好的，要看什么？,平静
为什么？,关心
哇，真的吗！是谁？,惊讶
为什么？告诉我听听，我或许可以帮你解决。,关心
真好！是什么？,开心
没事啦！应该只是风声。,关心
嗯，听起来不算好吃，别吃了吧！,厌恶
脱掉吧!,厌恶
哎呦！太厉害了！你做了什么？,开心
真的吗？太厉害了！,惊讶
别担心，努力总有回报的，你一定行！,关心
嗯，下次别买了，换一家吧。,厌恶
哇，真的吗？你完蛋了，快去补救啊！,惊讶
1000块就很好了啊！,开心
这种感觉很正常，我们可以试着静下来思考，一起探讨解决方法。,关心
还需要说更多吗？,平静
哇！那么你最后有吃完吗？,平静
那是什么，还有其他事吗？,平静
要看你希望达到什么目标，具体情况可以再详细讨论。,平静
不用担心，你能做到的。,关心
太棒了！是什么？,开心
哇！别太难过，想想你最后看到它是在哪里？,关心
他们都在说什么？,疑问
哇！恭喜你！我们应该庆祝一下！,开心
是真的，那里很糟糕，说来听听。,平静
哇！他提了什么？感觉很傻。,生气
哇，当然啊！有什么好消息？,开心
太好了！做得很棒，现在可以好好放松一下了。,开心
放松下来！你能做到的。,关心
当然啊！嘿嘿！,开心
你好吗？有什么问题吗？,关心
真的吗？我都还没看过一只真的熊，你就在路上看到了！,惊讶
哇！辛苦了，今天好好庆祝吧！,开心
好啊，去哪里吃？,平静
听起来很辛苦，发生了什么事？,关心
没事吧！发生了什么事？,关心
没关系，只是运气不好而已，下次可以商量。,关心
他们是不是故意的？你说了什么？,生气
也许大家只是最近很忙，不要想得太多，你还有我。,关心
你的运气真的不好！每次都是他搞事。,生气
那听起来不错，有什么计划吗？,平静
他真的是愚蠢的！,生气
哪里？发生了什么事？,关心
哇！找人一起打球吧！,开心
休息一下吧！身体更重要。,关心
说来听听，我还没看过，为什么？,疑问
有点糟糕！你应该和他谈谈，这样下去不行。,生气
真的吗？看来猫有九条命是真的。,惊讶
不要灰心，每个人都有低潮的时候，放松点，慢慢来。,关心
你要买什么呢？,平静
今天的天气还算稳定，不冷也不热。,平静
哇！真的吗？多少钱？,惊讶
让我看看，哪里？,疑问
他是故意的还是真的很笨啊！,生气
哇！这是哪本书？,开心
他们是不是故意的，真是太糟糕了！,生气
太好了！你一定很高兴，分享一下！,开心
也许可以去散步。,平静
真假？他是谁？,惊讶
也无他法，只能保护好自己了。,关心
干！直接打电话给劳动局投诉。,生气
他会好起来的，不用担心。,关心
好的，我没有什么事，要看什么？,平静
他发生了什么事？他做了什么？,疑问
太好了！这可是一项大工程，你终于完成了，要好好庆祝一下！,开心
天啊！这是真的吗？是谁？,惊讶
是啊，那种人真的很烦。,平静
天啊！你这只买了多久了啊！,生气
真假！他写了什么书？,惊讶
哇，你听起来很生气！他们做了什么？,疑问
可以点外卖，看有什么可以吃。,平静
为什么，你为什么会有这样的感觉？,关心
别担心，咬牙坚持就好了。,关心
先不要太担心，反正再怎么想也没用。,关心
是吗？为什么？,平静
哇！太棒了！你能压制第二名吗？,开心
他怎么这样？要不要跟她说说？,疑问
嗯，下次我们还是别去那家了，换个地方吧。,平静
虽然这样也没办法，但我相信他会继续与你联系。,关心
哇，这真是太巧了！你们聊得怎么样？,惊讶
哇！终于！以后不能笑你了，那我们什么时候去游泳呢？,开心
也许你需要一段时间休息一下，有没有想过做点让自己开心的事？,关心
是啊，服务差的店真的不懂为什么还要做服务业。,平静
那就小心点，不要给他你的个人信息就好了。,关心
明天一定会好起来的，去睡一觉就好了。,关心
我下周比较有空，我们约个时间。,平静
不要太强求自己，休息一下也很重要。,关心
哇！这张试卷很难啊，你竟然得了满分？,开心
什么？真的假的！他什么时候这么有梦想的？,惊讶
这太糟糕了！他们怎么能把所有东西都交给你？,生气
好的，明天下午我有空。,平静
哇！他竟然会送给你？怎么可能！,开心
哇！恭喜你，你做到了！,开心
干！他也太爽了吧。,惊讶
别太担心，应该不会有事的，放轻松吧。,关心
这太不负责任了！这个主管在做什么？,生气
不然现在就订火车票，回去看看他们？,关心
当然，每个人都会生气。,平静
恭喜你！这一定是个大成就，我为你感到骄傲！,开心
哇，这真是太厉害了！我做不到那么自律！,开心
哇！真是运气不好，去找客服投诉吧！,生气
哇！真的吗？要打开来看看吗？,惊讶
不要太强求自己，放松一点吧，你也可以和我聊聊。,关心
发生了什么事，想聊聊吗？也许会感觉好一些。,关心
我也有点担心啊，不过白天出门应该会安全些，还是多注意周围吧。,关心
没问题！休息一下就好了。,关心
你怎么了？想和我聊聊吗？或许我能帮到你。,关心
好的，我们可以去散步，放松一下。,平静
工作有时就是这样，别太自责，找到节奏就会好起来的。,关心
是的！他总是这样，让人无法忍受。,生气
哇！你们要去哪里玩？,开心
只是做梦，不用太担心。,关心
哇！太棒了吗？那双鞋真的很难抢到，你真幸运！,开心
你应该向网络公司投诉，他们已经收了你的钱，但服务质量却很差。,生气
哇，真是羡慕！新手机的感觉是不是很棒？,开心
哇！这要多少钱？性能好吗？,开心
太棒了！要不要展示一下！,开心
他说了什么？听起来很糟糕？,疑问
听起来不错，走吧。,平静
他平时也是这样吗？那么他的人际关系就很糟糕吗？,疑问
是吗？幸好我都自己带便当。,平静
他做了什么事？,疑问
这是一个重要的决定，有什么特定的原因吗？,平静
那很重要，有什么新的计划吗？,平静
太好了！这无疑是一个巨大的成就，能分享一下你的目标吗？,开心
哇，真是巧合！你们聊了什么？,惊讶
太好了！是什么样的赞美呢？,开心
哇，那我们下次去吃吧。,开心
真的吗？那篇帖子说了什么？,惊讶
我们可以讨论一下，你有什么想法吗？,平静
那听起来不错，这个技能是关于什么的？,平静
哇，这真是意外！她还会说其他语言吗？,惊讶
哇，听起来很棒！电影的名字是什么？,开心
太好了！你们聊了什么？,开心
你的担忧很合理，是否考虑过做一些检查来确认健康状况？,关心
哇，真是出乎意料！你们联系上了吗？,惊讶
真的很难吃，下次不要再去了。,平静
有这种感觉很正常，你是担心什么呢？,关心
人总有这样的时候，坚持下去，你会好起来的。,关心
这真的很让人很生气，你能否和他们讨论一下以改善沟通？,生气
我们可以先讨论一下不同的解决方案，然后再决定。,平静
真是意想不到的重逢！你们聊了什么吗？,惊讶
演讲前的紧张感很正常，你准备好了吗？,关心
哇，这真很酷！你最喜欢他的哪个设定？,开心
哇，真是羡慕！那只狗是什么品种的？,惊讶
你已经考虑好要换成什么样的工作了吗？,平静
理解你的感受可能需要一些时间来适应。你有考虑过寻求帮助或支持吗？,关心
为什么？不再联系了吗？,关心
这听起来很难过，是发生了什么事吗？,关心
听到你这么说我很担心，是什么让你这样觉得？,关心
哦，是哪种类型的？,平静
听到你这么说我很难过，你有考虑过重新调整一下你的目标吗？,关心
很好！这些知识对你有什么帮助？,平静
这听起来很困难，有没有什么我可以做来帮助你？,关心
理解你的担忧，尝试寻找一些建议或者咨询专业人士会有帮助。,关心
哇，这真是个惊喜！你有什么感想呢？,惊讶
太好了！这是什么食谱？可以分享一下吗？,开心
这真是让人生气，你能否找到解决方案来改善这种情况？,生气
不用担心，可能可以找人帮助你或者制定一个计划来解决这个问题。,关心
听起来很有条理，今天有什么特别的计划吗？,平静
哪部分节目让你感到无聊？,疑问
这样的服务真的不应该，有机会向负责的人反映你的不满吗？,生气
听起来像是一个不错的主意，你有想过要尝试什么新事物吗？,平静
这样真的很让人恼火，你能否找到一种更好的方式来处理这些事情？,生气
哇，真的吗？你们聊了什么吗？,惊讶
这听起来很困难，有没有什么方法可以帮助你放松一下？,关心
真的吗？还是要换别的款式？,疑问
好的，这些文件有什么特别需要注意的吗？,平静
听到你这么说我很担心，你有考虑过寻求帮助吗？,关心
哇，太棒了！这是什么礼物？,开心
哪部分的工作让你感到如此厌恶？,疑问
这种情况让人很失望，你有机会表达你的意见吗？,生气
真是太令人惊讶了！你是如何知道这个消息的？,惊讶
这种感觉很不舒服，是否有具体情况让你有这样的感觉？,关心
你会紧张很正常，可以尝试制定一个学习计划来帮助你准备。,关心
这种情况真的很让人恼火，你有尝试过与相关的人沟通你的感受吗？,生气
太好了！礼物是什么呢？,开心
你为什么觉得这个政策不好？,疑问
有什么特别让你不喜欢的味道吗？,疑问
这种感觉很痛苦，是什么事情让你感到这样？,关心
听起来你现在过得不容易，有什么我可以帮忙的吗？,关心
那听起来不错，有什么特别的事情发生吗？,平静
哇，恭喜你！这一定是一个很大的成就，你打算怎么庆祝呢？,开心
好的，我可以帮助你查找相关资料。,平静
放心，充分准备将帮助你提升信心。你已经准备好回答一些常见问题了吗？,关心
哇，真是太令人惊讶了！你们有什么互动吗？,惊讶
你怎么这么冷酷，完全不顾他人的感受，真让人反感。,厌恶
真的吗？那个社团有什么特别的活动？,惊讶
这种行为让我感到无比厌恶，真想远离你。,厌恶
这简直是不可能的，怎么会是这样！,惊讶
太好了！能告诉我这是什么奖吗？,开心
未来的不确定性确实令人担忧，你有考虑过制定一些具体的计划吗？,关心
我完全没有想到，这竟然会是这个结局！,惊讶
这样真的很让人生气，你有考虑过向管理层反映这些问题吗？,生气
恭喜！项目是什么呢？,开心
这听起来很困难，有没有什么具体原因让你感觉这样？,关心
每次看到这种情况，我都感到无比厌恶。,厌恶
这真的很让人疲惫，有没有办法来减少这些麻烦呢？,生气
这真的是奇迹吗？太令人震惊了！,惊讶
太好了！能分享一下吗？,开心
他看了看天，然后继续向前走，什么也没说。,平静
那听起来很困难，是发生了什么事情吗？,关心
哇，这真是太惊人了！那本书有什么特别之处？,惊讶
看了一部电影，但没有太多的感触，结局也算预料之中。,平静
怎么会这样，居然有这样的转折！,惊讶
很好，你学到了什么新技术吗？,平静
这样的会议确实很浪费时间，有没有什么办法可以改进？,厌恶
今天的工作顺利结束，回到家中，仍旧是如往常般安静。,平静
这种情况我完全没有预料到，真是太惊讶了！,惊讶
我怎么会这么傻，竟然还信这种人，真是反感。,厌恶
我看着窗外，天气不错，但也不想去改变什么。,平静
我怎么都没想到会发生这样的情节，真是太惊奇了！,惊讶
午餐时间，我去了一家附近的餐厅，吃了点简单的便当。,平静
整理得怎么样？需要帮助吗？,平静
真是太出乎意料了，我完全无法想象会是这样！,惊讶
这些话听起来真让人不舒服，我怎么能接受！,厌恶
每天早晨，我都会煮一杯热咖啡，开始我的日子。,平静
我每天都按时吃饭，正常工作，生活其实很平淡。,平静
这一切完全超出了我的想象，真的是太神奇了！,惊讶
怎么会有这样的人，真让人感到恶心！,厌恶
我多次走过这条路，但没有任何特别的感觉。,平静
我真的不想再见到你了，这样你让我厌恶。,厌恶
这根本不值得原谅，真的让我感到恶心。,厌恶
你的行为简直令人恶心，我再也无法忍受。,厌恶
我真的受够了，这种行为太恶心了。,厌恶
我真是难以置信，竟然会发生这样的事！,惊讶
